apn,kwh_actual,kwh_baseline,predictions,percent_delta,retrofitted
00600340190000,38.04313481312532,40.06596,40.08002,0.0133680655,kwh_sim_00600340190000
00600470060000,11.702018681163098,11.081017,10.9926,-0.6900661,kwh_sim_00600340190000
00600470080000,11.401913332606192,10.5140295,10.539284,0.13906819,kwh_sim_00600340190000
00600470120000,167.41747720031947,170.83815,170.91858,-0.06291757,kwh_sim_00600340190000
00600910010000,67.71408745548227,64.10008,64.53673,0.9548632,kwh_sim_00600340190000
00600940090000,22.913726924922003,24.102163,24.07595,-0.10609122,kwh_sim_00600340190000
00600960230000,4.198491436248515,4.238829,4.1880445,-0.64891636,kwh_sim_00600340190000
00600970130000,525.695928146551,524.0879,527.0559,0.5412346,kwh_sim_00600340190000
00600970150000,295.04101475953183,293.2457,293.08063,-0.110463075,kwh_sim_00600340190000
00601010030000,19.594001878203052,20.908684,20.92689,-0.1390333,kwh_sim_00600340190000
00601010110000,7.711024463558808,6.543597,6.459099,-0.94180024,kwh_sim_00600340190000
00601010140000,8.45513261734566,9.025914,9.065744,0.41392717,kwh_sim_00600340190000
00601010150000,15.638227409850328,16.273754,16.441366,0.51234734,kwh_sim_00600340190000
00601010190000,16.198765169515276,16.924044,16.913584,-0.15737893,kwh_sim_00600340190000
00601010210000,32.28397247031495,33.388943,33.170597,-0.553593,kwh_sim_00600340190000
00601020070000,195.11662383393926,210.00838,211.19142,0.5478281,kwh_sim_00600340190000
00601020160000,61.883938385999244,62.314438,62.36785,-0.034654237,kwh_sim_00600340190000
00601020190000,277.72005696436423,326.6188,328.52716,0.400638,kwh_sim_00600340190000
00601020200000,345.0444469879835,361.93796,363.09302,0.2846603,kwh_sim_00600340190000
00601030100000,14.936326413446075,14.334919,14.293303,-0.28588435,kwh_sim_00600340190000
00601030110000,60.98179786316641,61.09302,60.973156,-0.29657546,kwh_sim_00600340190000
00601040010000,77.09698707432975,73.21601,72.91774,-0.4068097,kwh_sim_00600340190000
00601060050000,257.9231053743607,276.89453,277.54337,0.11688402,kwh_sim_00600340190000
00601060060000,111.92244334950115,125.39962,126.51989,0.394226,kwh_sim_00600340190000
00601450250000,678.1282236881746,699.5496,703.717,0.67979854,kwh_sim_00600340190000
00601510200000,541.0706825849664,558.84485,559.9993,0.15012477,kwh_sim_00600340190000
00601530150000,737.9512946789081,753.23285,755.42755,0.2683061,kwh_sim_00600340190000
00601550120000,104.90274506064998,107.956696,107.538124,-0.37803626,kwh_sim_00600340190000
00603700370000,246.9209256661244,249.67677,249.9933,0.06858762,kwh_sim_00600340190000
00600340190000,38.04313481312532,40.06596,40.124104,0.14462401,kwh_sim_00600470060000
00600470060000,11.702018681163098,11.081017,11.11835,0.40913227,kwh_sim_00600470060000
00600470080000,11.401913332606192,10.5140295,10.507882,-0.03016438,kwh_sim_00600470060000
00600470120000,167.41747720031947,170.83815,170.6096,-0.080053896,kwh_sim_00600470060000
00600910010000,67.71408745548227,64.10008,64.08969,0.27823353,kwh_sim_00600470060000
00600940090000,22.913726924922003,24.102163,24.14104,0.16388288,kwh_sim_00600470060000
00600960230000,4.198491436248515,4.238829,4.263525,0.9741493,kwh_sim_00600470060000
00600970130000,525.695928146551,524.0879,525.1777,0.18510099,kwh_sim_00600470060000
00600970150000,295.04101475953183,293.2457,292.86227,-0.111682266,kwh_sim_00600470060000
00601010030000,19.594001878203052,20.908684,20.817339,-0.35482505,kwh_sim_00600470060000
00601010110000,7.711024463558808,6.543597,6.609688,1.0250909,kwh_sim_00600470060000
00601010140000,8.45513261734566,9.025914,9.028746,0.06695153,kwh_sim_00600470060000
00601010150000,15.638227409850328,16.273754,16.273232,0.10902249,kwh_sim_00600470060000
00601010190000,16.198765169515276,16.924044,17.029179,0.7517239,kwh_sim_00600470060000
00601010210000,32.28397247031495,33.388943,33.430973,0.22130309,kwh_sim_00600470060000
00601020070000,195.11662383393926,210.00838,210.03238,0.047224954,kwh_sim_00600470060000
00601020160000,61.883938385999244,62.314438,62.299297,-0.023979252,kwh_sim_00600470060000
00601020190000,277.72005696436423,326.6188,328.40283,0.53761214,kwh_sim_00600470060000
00601020200000,345.0444469879835,361.93796,362.29163,0.13464662,kwh_sim_00600470060000
00601030100000,14.936326413446075,14.334919,14.434912,0.69404936,kwh_sim_00600470060000
00601030110000,60.98179786316641,61.09302,61.389095,0.5676386,kwh_sim_00600470060000
00601040010000,77.09698707432975,73.21601,73.2306,0.034428153,kwh_sim_00600470060000
00601060050000,257.9231053743607,276.89453,276.79883,0.042036083,kwh_sim_00600470060000
00601060060000,111.92244334950115,125.39962,125.62794,0.37743473,kwh_sim_00600470060000
00601450250000,678.1282236881746,699.5496,700.90753,0.2101898,kwh_sim_00600470060000
00601510200000,541.0706825849664,558.84485,560.2581,0.27804026,kwh_sim_00600470060000
00601530150000,737.9512946789081,753.23285,754.4326,0.1529889,kwh_sim_00600470060000
00601550120000,104.90274506064998,107.956696,108.43442,0.5114855,kwh_sim_00600470060000
00603700370000,246.9209256661244,249.67677,249.60056,0.03781456,kwh_sim_00600470060000
00600340190000,38.04313481312532,40.06596,40.13132,0.17206065,kwh_sim_00600470080000
00600470060000,11.702018681163098,11.081017,11.178305,0.91777456,kwh_sim_00600470080000
00600470080000,11.401913332606192,10.5140295,10.475534,-0.3855481,kwh_sim_00600470080000
00600470120000,167.41747720031947,170.83815,172.00504,0.74336255,kwh_sim_00600470080000
00600910010000,67.71408745548227,64.10008,64.607285,0.8429327,kwh_sim_00600470080000
00600940090000,22.913726924922003,24.102163,24.08434,-0.07116295,kwh_sim_00600470080000
00600960230000,4.198491436248515,4.238829,4.261945,0.62375396,kwh_sim_00600470080000
00600970130000,525.695928146551,524.0879,527.6525,0.71633106,kwh_sim_00600470080000
00600970150000,295.04101475953183,293.2457,294.34518,0.36724684,kwh_sim_00600470080000
00601010030000,19.594001878203052,20.908684,20.973886,0.29025468,kwh_sim_00600470080000
00601010110000,7.711024463558808,6.543597,6.5962934,0.7304946,kwh_sim_00600470080000
00601010140000,8.45513261734566,9.025914,9.034089,0.09405176,kwh_sim_00600470080000
00601010150000,15.638227409850328,16.273754,16.390179,0.6537437,kwh_sim_00600470080000
00601010190000,16.198765169515276,16.924044,17.082968,0.95383894,kwh_sim_00600470080000
00601010210000,32.28397247031495,33.388943,33.815533,1.1994247,kwh_sim_00600470080000
00601020070000,195.11662383393926,210.00838,211.48386,0.75888413,kwh_sim_00600470080000
00601020160000,61.883938385999244,62.314438,62.500374,0.28552157,kwh_sim_00600470080000
00601020190000,277.72005696436423,326.6188,330.4191,1.283081,kwh_sim_00600470080000
00601020200000,345.0444469879835,361.93796,364.59222,0.7982793,kwh_sim_00600470080000
00601030100000,14.936326413446075,14.334919,14.338314,-0.04778154,kwh_sim_00600470080000
00601030110000,60.98179786316641,61.09302,61.620007,0.8621384,kwh_sim_00600470080000
00601040010000,77.09698707432975,73.21601,73.58089,0.47944096,kwh_sim_00600470080000
00601060050000,257.9231053743607,276.89453,278.90463,0.7639591,kwh_sim_00600470080000
00601060060000,111.92244334950115,125.39962,126.78774,1.353201,kwh_sim_00600470080000
00601450250000,678.1282236881746,699.5496,704.0427,0.7197931,kwh_sim_00600470080000
00601510200000,541.0706825849664,558.84485,563.21454,0.86816,kwh_sim_00600470080000
00601530150000,737.9512946789081,753.23285,755.5846,0.32001778,kwh_sim_00600470080000
00601550120000,104.90274506064998,107.956696,109.12652,1.2089589,kwh_sim_00600470080000
00603700370000,246.9209256661244,249.67677,251.59016,0.8697667,kwh_sim_00600470080000
00600340190000,38.04313481312532,40.06596,39.65691,-0.97923905,kwh_sim_00600470120000
00600470060000,11.702018681163098,11.081017,10.924011,-1.0335504,kwh_sim_00600470120000
00600470080000,11.401913332606192,10.5140295,10.466564,-0.28996217,kwh_sim_00600470120000
00600470120000,167.41747720031947,170.83815,166.59914,-2.339774,kwh_sim_00600470120000
00600910010000,67.71408745548227,64.10008,61.613255,-3.6928804,kwh_sim_00600470120000
00600940090000,22.913726924922003,24.102163,23.95645,-0.6134916,kwh_sim_00600470120000
00600960230000,4.198491436248515,4.238829,4.0973754,-2.751922,kwh_sim_00600470120000
00600970130000,525.695928146551,524.0879,507.2874,-3.0319226,kwh_sim_00600470120000
00600970150000,295.04101475953183,293.2457,288.49713,-1.5353798,kwh_sim_00600470120000
00601010030000,19.594001878203052,20.908684,19.887241,-4.60596,kwh_sim_00600470120000
00601010110000,7.711024463558808,6.543597,6.1813016,-4.607456,kwh_sim_00600470120000
00601010140000,8.45513261734566,9.025914,8.7612095,-2.662464,kwh_sim_00600470120000
00601010150000,15.638227409850328,16.273754,15.274487,-4.8421907,kwh_sim_00600470120000
00601010190000,16.198765169515276,16.924044,16.3052,-3.1560752,kwh_sim_00600470120000
00601010210000,32.28397247031495,33.388943,32.21497,-3.0351834,kwh_sim_00600470120000
00601020070000,195.11662383393926,210.00838,199.51123,-4.696244,kwh_sim_00600470120000
00601020160000,61.883938385999244,62.314438,60.42557,-2.569249,kwh_sim_00600470120000
00601020190000,277.72005696436423,326.6188,310.23785,-4.6530805,kwh_sim_00600470120000
00601020200000,345.0444469879835,361.93796,353.51718,-2.285492,kwh_sim_00600470120000
00601030100000,14.936326413446075,14.334919,14.204202,-0.6848801,kwh_sim_00600470120000
00601030110000,60.98179786316641,61.09302,59.16612,-2.578958,kwh_sim_00600470120000
00601040010000,77.09698707432975,73.21601,71.81016,-1.5280885,kwh_sim_00600470120000
00601060050000,257.9231053743607,276.89453,265.4934,-3.584729,kwh_sim_00600470120000
00601060060000,111.92244334950115,125.39962,118.31907,-4.353429,kwh_sim_00600470120000
00601450250000,678.1282236881746,699.5496,683.9586,-2.3158236,kwh_sim_00600470120000
00601510200000,541.0706825849664,558.84485,545.01306,-2.3755946,kwh_sim_00600470120000
00601530150000,737.9512946789081,753.23285,744.3502,-1.1047646,kwh_sim_00600470120000
00601550120000,104.90274506064998,107.956696,105.044785,-2.6456823,kwh_sim_00600470120000
00603700370000,246.9209256661244,249.67677,243.38385,-2.2525,kwh_sim_00600470120000
00600340190000,38.04313481312532,40.06596,40.129177,0.19080083,kwh_sim_00600910010000
00600470060000,11.702018681163098,11.081017,11.040643,-0.22483288,kwh_sim_00600910010000
00600470080000,11.401913332606192,10.5140295,10.579127,0.62285584,kwh_sim_00600910010000
00600470120000,167.41747720031947,170.83815,169.49191,-0.73801374,kwh_sim_00600910010000
00600910010000,67.71408745548227,64.10008,63.797447,-0.059359916,kwh_sim_00600910010000
00600940090000,22.913726924922003,24.102163,24.232971,0.54380137,kwh_sim_00600910010000
00600960230000,4.198491436248515,4.238829,4.188672,-1.024893,kwh_sim_00600910010000
00600970130000,525.695928146551,524.0879,521.16516,-0.5804311,kwh_sim_00600910010000
00600970150000,295.04101475953183,293.2457,291.63226,-0.5112149,kwh_sim_00600910010000
00601010030000,19.594001878203052,20.908684,20.980875,0.40618685,kwh_sim_00600910010000
00601010110000,7.711024463558808,6.543597,6.61176,0.82771593,kwh_sim_00600910010000
00601010140000,8.45513261734566,9.025914,9.041538,0.26948297,kwh_sim_00600910010000
00601010150000,15.638227409850328,16.273754,16.27149,0.32122952,kwh_sim_00600910010000
00601010190000,16.198765169515276,16.924044,16.999475,0.7092663,kwh_sim_00600910010000
00601010210000,32.28397247031495,33.388943,33.236988,-0.13910945,kwh_sim_00600910010000
00601020070000,195.11662383393926,210.00838,208.51108,-0.55602187,kwh_sim_00600910010000
00601020160000,61.883938385999244,62.314438,62.133846,-0.10923943,kwh_sim_00600910010000
00601020190000,277.72005696436423,326.6188,321.8812,-1.2296327,kwh_sim_00600910010000
00601020200000,345.0444469879835,361.93796,359.97128,-0.5184478,kwh_sim_00600910010000
00601030100000,14.936326413446075,14.334919,14.492498,1.2422295,kwh_sim_00600910010000
00601030110000,60.98179786316641,61.09302,60.690052,-0.48262852,kwh_sim_00600910010000
00601040010000,77.09698707432975,73.21601,72.85402,-0.32265207,kwh_sim_00600910010000
00601060050000,257.9231053743607,276.89453,274.86884,-0.60359555,kwh_sim_00600910010000
00601060060000,111.92244334950115,125.39962,123.957825,-0.82324773,kwh_sim_00600910010000
00601450250000,678.1282236881746,699.5496,696.5183,-0.5143562,kwh_sim_00600910010000
00601510200000,541.0706825849664,558.84485,555.2869,-0.61998385,kwh_sim_00600910010000
00601530150000,737.9512946789081,753.23285,751.6586,-0.19092408,kwh_sim_00600910010000
00601550120000,104.90274506064998,107.956696,107.442604,-0.4065975,kwh_sim_00600910010000
00603700370000,246.9209256661244,249.67677,247.87761,-0.6784236,kwh_sim_00600910010000
00600340190000,38.04313481312532,40.06596,40.16686,0.2623075,kwh_sim_00600940090000
00600470060000,11.702018681163098,11.081017,11.109361,0.26860037,kwh_sim_00600940090000
00600470080000,11.401913332606192,10.5140295,10.573457,0.527672,kwh_sim_00600940090000
00600470120000,167.41747720031947,170.83815,172.11832,0.7346532,kwh_sim_00600940090000
00600910010000,67.71408745548227,64.10008,64.60372,0.6585234,kwh_sim_00600940090000
00600940090000,22.913726924922003,24.102163,24.229095,0.5287781,kwh_sim_00600940090000
00600960230000,4.198491436248515,4.238829,4.273607,0.8301997,kwh_sim_00600940090000
00600970130000,525.695928146551,524.0879,530.7758,1.2872686,kwh_sim_00600940090000
00600970150000,295.04101475953183,293.2457,295.56827,0.80105406,kwh_sim_00600940090000
00601010030000,19.594001878203052,20.908684,21.229658,1.4871794,kwh_sim_00600940090000
00601010110000,7.711024463558808,6.543597,6.5284405,-0.037983403,kwh_sim_00600940090000
00601010140000,8.45513261734566,9.025914,9.045215,0.059421115,kwh_sim_00600940090000
00601010150000,15.638227409850328,16.273754,16.711016,1.9972249,kwh_sim_00600940090000
00601010190000,16.198765169515276,16.924044,17.012867,0.3639303,kwh_sim_00600940090000
00601010210000,32.28397247031495,33.388943,33.77649,1.0130489,kwh_sim_00600940090000
00601020070000,195.11662383393926,210.00838,213.86267,1.7669914,kwh_sim_00600940090000
00601020160000,61.883938385999244,62.314438,62.438923,0.13709155,kwh_sim_00600940090000
00601020190000,277.72005696436423,326.6188,331.93124,1.6364641,kwh_sim_00600940090000
00601020200000,345.0444469879835,361.93796,365.6111,0.9929464,kwh_sim_00600940090000
00601030100000,14.936326413446075,14.334919,14.312493,-0.26756075,kwh_sim_00600940090000
00601030110000,60.98179786316641,61.09302,61.84498,1.1699474,kwh_sim_00600940090000
00601040010000,77.09698707432975,73.21601,73.47536,0.32674024,kwh_sim_00600940090000
00601060050000,257.9231053743607,276.89453,280.9127,1.4295783,kwh_sim_00600940090000
00601060060000,111.92244334950115,125.39962,128.06905,1.934689,kwh_sim_00600940090000
00601450250000,678.1282236881746,699.5496,705.0994,0.7628653,kwh_sim_00600940090000
00601510200000,541.0706825849664,558.84485,564.10736,0.93715036,kwh_sim_00600940090000
00601530150000,737.9512946789081,753.23285,756.6467,0.43104097,kwh_sim_00600940090000
00601550120000,104.90274506064998,107.956696,109.22968,1.1734732,kwh_sim_00600940090000
00603700370000,246.9209256661244,249.67677,251.46065,0.68033326,kwh_sim_00600940090000
00600340190000,38.04313481312532,40.06596,40.308437,0.5726218,kwh_sim_00600960230000
00600470060000,11.702018681163098,11.081017,10.987953,-0.7610376,kwh_sim_00600960230000
00600470080000,11.401913332606192,10.5140295,10.389905,-1.0938157,kwh_sim_00600960230000
00600470120000,167.41747720031947,170.83815,171.12965,0.053208373,kwh_sim_00600960230000
00600910010000,67.71408745548227,64.10008,64.18052,-0.009651858,kwh_sim_00600960230000
00600940090000,22.913726924922003,24.102163,24.011019,-0.3828774,kwh_sim_00600960230000
00600960230000,4.198491436248515,4.238829,4.1986756,-0.6740604,kwh_sim_00600960230000
00600970130000,525.695928146551,524.0879,524.4874,0.021831546,kwh_sim_00600960230000
00600970150000,295.04101475953183,293.2457,292.47592,-0.31479368,kwh_sim_00600960230000
00601010030000,19.594001878203052,20.908684,20.777254,-0.67514896,kwh_sim_00600960230000
00601010110000,7.711024463558808,6.543597,6.5067134,-0.41881415,kwh_sim_00600960230000
00601010140000,8.45513261734566,9.025914,8.999577,-0.21632782,kwh_sim_00600960230000
00601010150000,15.638227409850328,16.273754,16.265911,-0.36635655,kwh_sim_00600960230000
00601010190000,16.198765169515276,16.924044,16.957157,0.015122513,kwh_sim_00600960230000
00601010210000,32.28397247031495,33.388943,33.398987,0.019414334,kwh_sim_00600960230000
00601020070000,195.11662383393926,210.00838,210.80107,0.36760125,kwh_sim_00600960230000
00601020160000,61.883938385999244,62.314438,62.08708,-0.52379775,kwh_sim_00600960230000
00601020190000,277.72005696436423,326.6188,326.73526,0.012395635,kwh_sim_00600960230000
00601020200000,345.0444469879835,361.93796,362.82422,0.22317699,kwh_sim_00600960230000
00601030100000,14.936326413446075,14.334919,14.211129,-0.8055562,kwh_sim_00600960230000
00601030110000,60.98179786316641,61.09302,61.24459,0.09244744,kwh_sim_00600960230000
00601040010000,77.09698707432975,73.21601,73.39473,0.282591,kwh_sim_00600960230000
00601060050000,257.9231053743607,276.89453,277.19617,0.06617113,kwh_sim_00600960230000
00601060060000,111.92244334950115,125.39962,126.08393,0.41319463,kwh_sim_00600960230000
00601450250000,678.1282236881746,699.5496,700.86475,0.20582668,kwh_sim_00600960230000
00601510200000,541.0706825849664,558.84485,558.864,-0.029362079,kwh_sim_00600960230000
00601530150000,737.9512946789081,753.23285,753.7579,0.06542841,kwh_sim_00600960230000
00601550120000,104.90274506064998,107.956696,108.3363,0.35064355,kwh_sim_00600960230000
00603700370000,246.9209256661244,249.67677,250.81026,0.4413281,kwh_sim_00600960230000
00600340190000,38.04313481312532,40.06596,40.00598,-0.14217427,kwh_sim_00600970130000
00600470060000,11.702018681163098,11.081017,11.179483,1.0910363,kwh_sim_00600970130000
00600470080000,11.401913332606192,10.5140295,10.549614,0.33965668,kwh_sim_00600970130000
00600470120000,167.41747720031947,170.83815,173.46124,1.5445842,kwh_sim_00600970130000
00600910010000,67.71408745548227,64.10008,66.02167,3.697021,kwh_sim_00600970130000
00600940090000,22.913726924922003,24.102163,24.168434,0.2857557,kwh_sim_00600970130000
00600960230000,4.198491436248515,4.238829,4.5639844,7.3183813,kwh_sim_00600970130000
00600970130000,525.695928146551,524.0879,537.467,2.6597643,kwh_sim_00600970130000
00600970150000,295.04101475953183,293.2457,294.86835,0.52793056,kwh_sim_00600970130000
00601010030000,19.594001878203052,20.908684,21.23807,1.4691868,kwh_sim_00600970130000
00601010110000,7.711024463558808,6.543597,6.81567,4.961699,kwh_sim_00600970130000
00601010140000,8.45513261734566,9.025914,9.146233,1.4298117,kwh_sim_00600970130000
00601010150000,15.638227409850328,16.273754,16.566357,0.8815057,kwh_sim_00600970130000
00601010190000,16.198765169515276,16.924044,17.179043,1.3494025,kwh_sim_00600970130000
00601010210000,32.28397247031495,33.388943,33.88813,1.0368203,kwh_sim_00600970130000
00601020070000,195.11662383393926,210.00838,218.05795,3.6269982,kwh_sim_00600970130000
00601020160000,61.883938385999244,62.314438,63.14731,1.2900953,kwh_sim_00600970130000
00601020190000,277.72005696436423,326.6188,335.96704,2.897701,kwh_sim_00600970130000
00601020200000,345.0444469879835,361.93796,368.73938,1.915203,kwh_sim_00600970130000
00601030100000,14.936326413446075,14.334919,14.235203,-0.36854807,kwh_sim_00600970130000
00601030110000,60.98179786316641,61.09302,62.201015,1.7949286,kwh_sim_00600970130000
00601040010000,77.09698707432975,73.21601,74.07771,1.0921841,kwh_sim_00600970130000
00601060050000,257.9231053743607,276.89453,284.08148,2.3891845,kwh_sim_00600970130000
00601060060000,111.92244334950115,125.39962,130.18724,3.268427,kwh_sim_00600970130000
00601450250000,678.1282236881746,699.5496,711.9796,2.09289,kwh_sim_00600970130000
00601510200000,541.0706825849664,558.84485,572.3047,2.593413,kwh_sim_00600970130000
00601530150000,737.9512946789081,753.23285,761.7493,1.0899163,kwh_sim_00600970130000
00601550120000,104.90274506064998,107.956696,110.7,2.5947518,kwh_sim_00600970130000
00603700370000,246.9209256661244,249.67677,252.9905,1.2288268,kwh_sim_00600970130000
00600340190000,38.04313481312532,40.06596,40.03056,-0.09957904,kwh_sim_00600970150000
00600470060000,11.702018681163098,11.081017,11.037105,-0.44793862,kwh_sim_00600970150000
00600470080000,11.401913332606192,10.5140295,10.494118,-0.1912759,kwh_sim_00600970150000
00600470120000,167.41747720031947,170.83815,170.34724,-0.34046295,kwh_sim_00600970150000
00600910010000,67.71408745548227,64.10008,63.774788,-0.6064618,kwh_sim_00600970150000
00600940090000,22.913726924922003,24.102163,24.061493,-0.16889405,kwh_sim_00600970150000
00600960230000,4.198491436248515,4.238829,4.2199106,-0.39820758,kwh_sim_00600970150000
00600970130000,525.695928146551,524.0879,522.47925,-0.32286194,kwh_sim_00600970150000
00600970150000,295.04101475953183,293.2457,292.82092,-0.14799394,kwh_sim_00600970150000
00601010030000,19.594001878203052,20.908684,20.790617,-0.5478499,kwh_sim_00600970150000
00601010110000,7.711024463558808,6.543597,6.502012,-0.66625583,kwh_sim_00600970150000
00601010140000,8.45513261734566,9.025914,8.997362,-0.3662658,kwh_sim_00600970150000
00601010150000,15.638227409850328,16.273754,16.206223,-0.38421798,kwh_sim_00600970150000
00601010190000,16.198765169515276,16.924044,16.85185,-0.45610544,kwh_sim_00600970150000
00601010210000,32.28397247031495,33.388943,33.27061,-0.3027717,kwh_sim_00600970150000
00601020070000,195.11662383393926,210.00838,208.95255,-0.5609184,kwh_sim_00600970150000
00601020160000,61.883938385999244,62.314438,62.213444,-0.18945871,kwh_sim_00600970150000
00601020190000,277.72005696436423,326.6188,325.4443,-0.44223997,kwh_sim_00600970150000
00601020200000,345.0444469879835,361.93796,361.15237,-0.23391113,kwh_sim_00600970150000
00601030100000,14.936326413446075,14.334919,14.269952,-0.5197618,kwh_sim_00600970150000
00601030110000,60.98179786316641,61.09302,60.85435,-0.42718822,kwh_sim_00600970150000
00601040010000,77.09698707432975,73.21601,73.02137,-0.3047467,kwh_sim_00600970150000
00601060050000,257.9231053743607,276.89453,275.8922,-0.38856426,kwh_sim_00600970150000
00601060060000,111.92244334950115,125.39962,124.928,-0.40200981,kwh_sim_00600970150000
00601450250000,678.1282236881746,699.5496,698.0821,-0.22710311,kwh_sim_00600970150000
00601510200000,541.0706825849664,558.84485,557.8924,-0.1848845,kwh_sim_00600970150000
00601530150000,737.9512946789081,753.23285,752.6038,-0.08397136,kwh_sim_00600970150000
00601550120000,104.90274506064998,107.956696,107.48193,-0.44876653,kwh_sim_00600970150000
00603700370000,246.9209256661244,249.67677,249.11691,-0.24771766,kwh_sim_00600970150000
00600340190000,38.04313481312532,40.06596,39.606625,-1.0714421,kwh_sim_00601010030000
00600470060000,11.702018681163098,11.081017,10.8021145,-2.3334625,kwh_sim_00601010030000
00600470080000,11.401913332606192,10.5140295,10.311296,-1.649627,kwh_sim_00601010030000
00600470120000,167.41747720031947,170.83815,165.89531,-2.820478,kwh_sim_00601010030000
00600910010000,67.71408745548227,64.10008,62.908985,-1.1846731,kwh_sim_00601010030000
00600940090000,22.913726924922003,24.102163,24.16382,0.25489837,kwh_sim_00601010030000
00600960230000,4.198491436248515,4.238829,4.1320114,-1.7716502,kwh_sim_00601010030000
00600970130000,525.695928146551,524.0879,510.80872,-2.2789829,kwh_sim_00601010030000
00600970150000,295.04101475953183,293.2457,286.16617,-2.352786,kwh_sim_00601010030000
00601010030000,19.594001878203052,20.908684,20.03829,-3.6336598,kwh_sim_00601010030000
00601010110000,7.711024463558808,6.543597,6.580375,0.3987647,kwh_sim_00601010030000
00601010140000,8.45513261734566,9.025914,8.725463,-2.6379652,kwh_sim_00601010030000
00601010150000,15.638227409850328,16.273754,15.697827,-2.5222483,kwh_sim_00601010030000
00601010190000,16.198765169515276,16.924044,16.554565,-1.7691288,kwh_sim_00601010030000
00601010210000,32.28397247031495,33.388943,32.25659,-3.2026615,kwh_sim_00601010030000
00601020070000,195.11662383393926,210.00838,201.80055,-3.6230016,kwh_sim_00601010030000
00601020160000,61.883938385999244,62.314438,60.179153,-2.9280345,kwh_sim_00601010030000
00601020190000,277.72005696436423,326.6188,314.78278,-2.9735198,kwh_sim_00601010030000
00601020200000,345.0444469879835,361.93796,355.70224,-1.6535853,kwh_sim_00601010030000
00601030100000,14.936326413446075,14.334919,13.9674425,-2.1419935,kwh_sim_00601010030000
00601030110000,60.98179786316641,61.09302,59.49226,-2.3834865,kwh_sim_00601010030000
00601040010000,77.09698707432975,73.21601,71.60423,-2.127048,kwh_sim_00601010030000
00601060050000,257.9231053743607,276.89453,267.06036,-3.1767626,kwh_sim_00601010030000
00601060060000,111.92244334950115,125.39962,119.37426,-3.9230638,kwh_sim_00601010030000
00601450250000,678.1282236881746,699.5496,687.37604,-1.6211536,kwh_sim_00601010030000
00601510200000,541.0706825849664,558.84485,549.0242,-1.552134,kwh_sim_00601010030000
00601530150000,737.9512946789081,753.23285,743.72437,-1.1176317,kwh_sim_00601010030000
00601550120000,104.90274506064998,107.956696,105.17745,-2.5454183,kwh_sim_00601010030000
00603700370000,246.9209256661244,249.67677,243.28918,-2.4034135,kwh_sim_00601010030000
00600340190000,38.04313481312532,40.06596,40.10308,0.043779053,kwh_sim_00601010110000
00600470060000,11.702018681163098,11.081017,11.043237,-0.30619818,kwh_sim_00601010110000
00600470080000,11.401913332606192,10.5140295,10.4604435,-0.45784798,kwh_sim_00601010110000
00600470120000,167.41747720031947,170.83815,170.2357,-0.42816812,kwh_sim_00601010110000
00600910010000,67.71408745548227,64.10008,64.323204,0.47128016,kwh_sim_00601010110000
00600940090000,22.913726924922003,24.102163,24.050747,-0.21803986,kwh_sim_00601010110000
00600960230000,4.198491436248515,4.238829,4.2965903,1.1610159,kwh_sim_00601010110000
00600970130000,525.695928146551,524.0879,525.32336,0.2580689,kwh_sim_00601010110000
00600970150000,295.04101475953183,293.2457,291.99625,-0.42737824,kwh_sim_00601010110000
00601010030000,19.594001878203052,20.908684,20.663898,-1.0470629,kwh_sim_00601010110000
00601010110000,7.711024463558808,6.543597,6.5707145,0.15065819,kwh_sim_00601010110000
00601010140000,8.45513261734566,9.025914,9.096538,0.9365576,kwh_sim_00601010110000
00601010150000,15.638227409850328,16.273754,16.404818,0.619242,kwh_sim_00601010110000
00601010190000,16.198765169515276,16.924044,16.985346,0.51936,kwh_sim_00601010110000
00601010210000,32.28397247031495,33.388943,32.960735,-1.1520001,kwh_sim_00601010110000
00601020070000,195.11662383393926,210.00838,210.52985,0.23337352,kwh_sim_00601010110000
00601020160000,61.883938385999244,62.314438,62.35152,-0.06833413,kwh_sim_00601010110000
00601020190000,277.72005696436423,326.6188,327.82965,0.5353269,kwh_sim_00601010110000
00601020200000,345.0444469879835,361.93796,361.732,-0.06956857,kwh_sim_00601010110000
00601030100000,14.936326413446075,14.334919,14.393194,0.54794246,kwh_sim_00601010110000
00601030110000,60.98179786316641,61.09302,61.430267,0.5188587,kwh_sim_00601010110000
00601040010000,77.09698707432975,73.21601,73.01972,-0.25853354,kwh_sim_00601010110000
00601060050000,257.9231053743607,276.89453,277.0484,0.08652443,kwh_sim_00601010110000
00601060060000,111.92244334950115,125.39962,126.28613,0.7293235,kwh_sim_00601010110000
00601450250000,678.1282236881746,699.5496,703.01587,0.60665655,kwh_sim_00601010110000
00601510200000,541.0706825849664,558.84485,559.91876,0.16834976,kwh_sim_00601010110000
00601530150000,737.9512946789081,753.23285,754.3172,0.12976567,kwh_sim_00601010110000
00601550120000,104.90274506064998,107.956696,107.73527,-0.25877425,kwh_sim_00601010110000
00603700370000,246.9209256661244,249.67677,250.59613,0.42756066,kwh_sim_00601010110000
00600340190000,38.04313481312532,40.06596,39.9855,-0.21218623,kwh_sim_00601010140000
00600470060000,11.702018681163098,11.081017,11.034045,-0.35624757,kwh_sim_00601010140000
00600470080000,11.401913332606192,10.5140295,10.418146,-0.8605061,kwh_sim_00601010140000
00600470120000,167.41747720031947,170.83815,171.37769,0.19796611,kwh_sim_00601010140000
00600910010000,67.71408745548227,64.10008,63.915577,-0.5856879,kwh_sim_00601010140000
00600940090000,22.913726924922003,24.102163,24.02583,-0.31550795,kwh_sim_00601010140000
00600960230000,4.198491436248515,4.238829,4.249034,0.24937882,kwh_sim_00601010140000
00600970130000,525.695928146551,524.0879,527.49493,0.6011348,kwh_sim_00601010140000
00600970150000,295.04101475953183,293.2457,293.6771,0.120858535,kwh_sim_00601010140000
00601010030000,19.594001878203052,20.908684,20.675177,-1.0547597,kwh_sim_00601010140000
00601010110000,7.711024463558808,6.543597,6.615387,0.7502724,kwh_sim_00601010140000
00601010140000,8.45513261734566,9.025914,9.023857,0.15228194,kwh_sim_00601010140000
00601010150000,15.638227409850328,16.273754,16.23933,-0.40936098,kwh_sim_00601010140000
00601010190000,16.198765169515276,16.924044,16.84538,-0.37211496,kwh_sim_00601010140000
00601010210000,32.28397247031495,33.388943,33.12944,-0.7822134,kwh_sim_00601010140000
00601020070000,195.11662383393926,210.00838,211.59229,0.6763814,kwh_sim_00601010140000
00601020160000,61.883938385999244,62.314438,62.295444,-0.13605532,kwh_sim_00601010140000
00601020190000,277.72005696436423,326.6188,329.09448,0.81875485,kwh_sim_00601010140000
00601020200000,345.0444469879835,361.93796,363.6998,0.48623478,kwh_sim_00601010140000
00601030100000,14.936326413446075,14.334919,14.293129,-0.30402628,kwh_sim_00601010140000
00601030110000,60.98179786316641,61.09302,61.080154,-0.074050106,kwh_sim_00601010140000
00601040010000,77.09698707432975,73.21601,73.18442,-0.048960403,kwh_sim_00601010140000
00601060050000,257.9231053743607,276.89453,278.9307,0.7194477,kwh_sim_00601010140000
00601060060000,111.92244334950115,125.39962,126.65965,0.86326164,kwh_sim_00601010140000
00601450250000,678.1282236881746,699.5496,703.52325,0.5270411,kwh_sim_00601010140000
00601510200000,541.0706825849664,558.84485,561.33167,0.40657923,kwh_sim_00601010140000
00601530150000,737.9512946789081,753.23285,755.1774,0.25986984,kwh_sim_00601010140000
00601550120000,104.90274506064998,107.956696,108.18722,0.15995717,kwh_sim_00601010140000
00603700370000,246.9209256661244,249.67677,250.44089,0.25699356,kwh_sim_00601010140000
00600340190000,38.04313481312532,40.06596,40.359615,0.6833531,kwh_sim_00601010150000
00600470060000,11.702018681163098,11.081017,11.046187,-0.30247062,kwh_sim_00601010150000
00600470080000,11.401913332606192,10.5140295,10.497448,-0.17211692,kwh_sim_00601010150000
00600470120000,167.41747720031947,170.83815,171.44466,0.29700264,kwh_sim_00601010150000
00600910010000,67.71408745548227,64.10008,65.05788,1.623165,kwh_sim_00601010150000
00600940090000,22.913726924922003,24.102163,24.14036,0.16068824,kwh_sim_00601010150000
00600960230000,4.198491436248515,4.238829,4.2641854,0.54512227,kwh_sim_00601010150000
00600970130000,525.695928146551,524.0879,529.034,0.9520286,kwh_sim_00601010150000
00600970150000,295.04101475953183,293.2457,292.65018,-0.22498697,kwh_sim_00601010150000
00601010030000,19.594001878203052,20.908684,21.344656,1.8583618,kwh_sim_00601010150000
00601010110000,7.711024463558808,6.543597,6.608813,0.7716875,kwh_sim_00601010150000
00601010140000,8.45513261734566,9.025914,9.167856,1.3986291,kwh_sim_00601010150000
00601010150000,15.638227409850328,16.273754,16.795485,2.5979333,kwh_sim_00601010150000
00601010190000,16.198765169515276,16.924044,17.41862,2.800374,kwh_sim_00601010150000
00601010210000,32.28397247031495,33.388943,34.49657,2.9608953,kwh_sim_00601010150000
00601020070000,195.11662383393926,210.00838,214.00926,1.8978758,kwh_sim_00601010150000
00601020160000,61.883938385999244,62.314438,62.86458,0.76041865,kwh_sim_00601010150000
00601020190000,277.72005696436423,326.6188,331.38434,1.5858022,kwh_sim_00601010150000
00601020200000,345.0444469879835,361.93796,364.52017,0.69856524,kwh_sim_00601010150000
00601030100000,14.936326413446075,14.334919,14.2411995,-0.7421229,kwh_sim_00601010150000
00601030110000,60.98179786316641,61.09302,61.946487,1.3154318,kwh_sim_00601010150000
00601040010000,77.09698707432975,73.21601,73.63813,0.49486238,kwh_sim_00601010150000
00601060050000,257.9231053743607,276.89453,280.1023,1.0970608,kwh_sim_00601010150000
00601060060000,111.92244334950115,125.39962,127.99484,2.1266615,kwh_sim_00601010150000
00601450250000,678.1282236881746,699.5496,703.8922,0.6666022,kwh_sim_00601010150000
00601510200000,541.0706825849664,558.84485,562.60297,0.6831718,kwh_sim_00601010150000
00601530150000,737.9512946789081,753.23285,754.58655,0.19533719,kwh_sim_00601010150000
00601550120000,104.90274506064998,107.956696,108.88479,0.8431114,kwh_sim_00601010150000
00603700370000,246.9209256661244,249.67677,252.32486,1.1122091,kwh_sim_00601010150000
00600340190000,38.04313481312532,40.06596,40.101746,0.09138088,kwh_sim_00601010190000
00600470060000,11.702018681163098,11.081017,11.131674,0.5112501,kwh_sim_00601010190000
00600470080000,11.401913332606192,10.5140295,10.449509,-0.5578914,kwh_sim_00601010190000
00600470120000,167.41747720031947,170.83815,170.36276,-0.23820435,kwh_sim_00601010190000
00600910010000,67.71408745548227,64.10008,64.14052,0.36471424,kwh_sim_00601010190000
00600940090000,22.913726924922003,24.102163,24.029522,-0.30144593,kwh_sim_00601010190000
00600960230000,4.198491436248515,4.238829,4.2155848,-0.4530112,kwh_sim_00601010190000
00600970130000,525.695928146551,524.0879,521.42676,-0.47512335,kwh_sim_00601010190000
00600970150000,295.04101475953183,293.2457,292.00635,-0.4046565,kwh_sim_00601010190000
00601010030000,19.594001878203052,20.908684,20.935198,0.16349012,kwh_sim_00601010190000
00601010110000,7.711024463558808,6.543597,6.544093,-0.17599973,kwh_sim_00601010190000
00601010140000,8.45513261734566,9.025914,9.015921,-0.035216227,kwh_sim_00601010190000
00601010150000,15.638227409850328,16.273754,16.372326,0.75470996,kwh_sim_00601010190000
00601010190000,16.198765169515276,16.924044,16.870749,-0.108546264,kwh_sim_00601010190000
00601010210000,32.28397247031495,33.388943,33.619793,0.6972209,kwh_sim_00601010190000
00601020070000,195.11662383393926,210.00838,209.31763,-0.16107397,kwh_sim_00601010190000
00601020160000,61.883938385999244,62.314438,62.376686,0.21009713,kwh_sim_00601010190000
00601020190000,277.72005696436423,326.6188,324.49292,-0.45412725,kwh_sim_00601010190000
00601020200000,345.0444469879835,361.93796,360.90964,-0.25801167,kwh_sim_00601010190000
00601030100000,14.936326413446075,14.334919,14.335917,0.09410927,kwh_sim_00601010190000
00601030110000,60.98179786316641,61.09302,61.10171,0.026704643,kwh_sim_00601010190000
00601040010000,77.09698707432975,73.21601,72.99187,-0.2635741,kwh_sim_00601010190000
00601060050000,257.9231053743607,276.89453,275.73425,-0.2755427,kwh_sim_00601010190000
00601060060000,111.92244334950115,125.39962,125.30296,0.17762268,kwh_sim_00601010190000
00601450250000,678.1282236881746,699.5496,697.2526,-0.3458302,kwh_sim_00601010190000
00601510200000,541.0706825849664,558.84485,556.85406,-0.30693954,kwh_sim_00601010190000
00601530150000,737.9512946789081,753.23285,751.8861,-0.15414454,kwh_sim_00601010190000
00601550120000,104.90274506064998,107.956696,107.790436,-0.12903942,kwh_sim_00601010190000
00603700370000,246.9209256661244,249.67677,249.44853,-0.013175852,kwh_sim_00601010190000
00600340190000,38.04313481312532,40.06596,40.16963,0.2643392,kwh_sim_00601010210000
00600470060000,11.702018681163098,11.081017,11.158444,0.5923588,kwh_sim_00601010210000
00600470080000,11.401913332606192,10.5140295,10.629768,1.0047047,kwh_sim_00601010210000
00600470120000,167.41747720031947,170.83815,171.31662,0.3249817,kwh_sim_00601010210000
00600910010000,67.71408745548227,64.10008,64.28106,0.385716,kwh_sim_00601010210000
00600940090000,22.913726924922003,24.102163,24.165457,0.2670106,kwh_sim_00601010210000
00600960230000,4.198491436248515,4.238829,4.1658373,-1.319757,kwh_sim_00601010210000
00600970130000,525.695928146551,524.0879,521.8604,-0.36974755,kwh_sim_00601010210000
00600970150000,295.04101475953183,293.2457,294.21188,0.31038442,kwh_sim_00601010210000
00601010030000,19.594001878203052,20.908684,21.098818,1.0335405,kwh_sim_00601010210000
00601010110000,7.711024463558808,6.543597,6.486009,-0.6784664,kwh_sim_00601010210000
00601010140000,8.45513261734566,9.025914,8.992324,-0.4309001,kwh_sim_00601010210000
00601010150000,15.638227409850328,16.273754,16.125114,-0.43215954,kwh_sim_00601010210000
00601010190000,16.198765169515276,16.924044,16.942204,0.20212126,kwh_sim_00601010210000
00601010210000,32.28397247031495,33.388943,33.34883,0.01316779,kwh_sim_00601010210000
00601020070000,195.11662383393926,210.00838,209.6618,0.04519978,kwh_sim_00601010210000
00601020160000,61.883938385999244,62.314438,62.432602,0.19697538,kwh_sim_00601010210000
00601020190000,277.72005696436423,326.6188,325.96527,-0.239564,kwh_sim_00601010210000
00601020200000,345.0444469879835,361.93796,362.25272,0.12271391,kwh_sim_00601010210000
00601030100000,14.936326413446075,14.334919,14.463468,0.95980674,kwh_sim_00601010210000
00601030110000,60.98179786316641,61.09302,61.08456,0.04684461,kwh_sim_00601010210000
00601040010000,77.09698707432975,73.21601,73.700745,0.6935947,kwh_sim_00601010210000
00601060050000,257.9231053743607,276.89453,276.48914,-0.10150653,kwh_sim_00601010210000
00601060060000,111.92244334950115,125.39962,124.82045,-0.45522976,kwh_sim_00601010210000
00601450250000,678.1282236881746,699.5496,697.62604,-0.22533636,kwh_sim_00601010210000
00601510200000,541.0706825849664,558.84485,556.8999,-0.34822991,kwh_sim_00601010210000
00601530150000,737.9512946789081,753.23285,752.0908,-0.13609594,kwh_sim_00601010210000
00601550120000,104.90274506064998,107.956696,108.334175,0.47482777,kwh_sim_00601010210000
00603700370000,246.9209256661244,249.67677,249.91936,0.12264796,kwh_sim_00601010210000
00600340190000,38.04313481312532,40.06596,40.152554,0.21880965,kwh_sim_00601020070000
00600470060000,11.702018681163098,11.081017,11.109699,0.27958027,kwh_sim_00601020070000
00600470080000,11.401913332606192,10.5140295,10.482247,-0.30130097,kwh_sim_00601020070000
00600470120000,167.41747720031947,170.83815,172.06584,0.7535104,kwh_sim_00601020070000
00600910010000,67.71408745548227,64.10008,64.442314,0.6326503,kwh_sim_00601020070000
00600940090000,22.913726924922003,24.102163,24.111944,0.045205183,kwh_sim_00601020070000
00600960230000,4.198491436248515,4.238829,4.23436,0.14941919,kwh_sim_00601020070000
00600970130000,525.695928146551,524.0879,527.02234,0.5753266,kwh_sim_00601020070000
00600970150000,295.04101475953183,293.2457,294.94836,0.5621748,kwh_sim_00601020070000
00601010030000,19.594001878203052,20.908684,21.211208,1.4544574,kwh_sim_00601020070000
00601010110000,7.711024463558808,6.543597,6.6888456,1.9188068,kwh_sim_00601020070000
00601010140000,8.45513261734566,9.025914,9.056867,0.40856165,kwh_sim_00601020070000
00601010150000,15.638227409850328,16.273754,16.553125,1.6116092,kwh_sim_00601020070000
00601010190000,16.198765169515276,16.924044,17.085546,0.84706855,kwh_sim_00601020070000
00601010210000,32.28397247031495,33.388943,33.760544,1.0173299,kwh_sim_00601020070000
00601020070000,195.11662383393926,210.00838,212.13483,0.9944585,kwh_sim_00601020070000
00601020160000,61.883938385999244,62.314438,62.627934,0.44620338,kwh_sim_00601020070000
00601020190000,277.72005696436423,326.6188,330.1081,1.1313894,kwh_sim_00601020070000
00601020200000,345.0444469879835,361.93796,364.4078,0.7288805,kwh_sim_00601020070000
00601030100000,14.936326413446075,14.334919,14.288322,-0.36564004,kwh_sim_00601020070000
00601030110000,60.98179786316641,61.09302,61.648193,0.8318021,kwh_sim_00601020070000
00601040010000,77.09698707432975,73.21601,73.692245,0.5888025,kwh_sim_00601020070000
00601060050000,257.9231053743607,276.89453,279.3348,0.9353106,kwh_sim_00601020070000
00601060060000,111.92244334950115,125.39962,126.67566,0.9959516,kwh_sim_00601020070000
00601450250000,678.1282236881746,699.5496,703.1105,0.5440208,kwh_sim_00601020070000
00601510200000,541.0706825849664,558.84485,562.52014,0.70989484,kwh_sim_00601020070000
00601530150000,737.9512946789081,753.23285,755.3035,0.28234676,kwh_sim_00601020070000
00601550120000,104.90274506064998,107.956696,108.72222,0.7182941,kwh_sim_00601020070000
00603700370000,246.9209256661244,249.67677,250.64966,0.36584702,kwh_sim_00601020070000
00600340190000,38.04313481312532,40.06596,40.15211,0.21618617,kwh_sim_00601020160000
00600470060000,11.702018681163098,11.081017,11.117152,0.3608147,kwh_sim_00601020160000
00600470080000,11.401913332606192,10.5140295,10.563683,0.4346472,kwh_sim_00601020160000
00600470120000,167.41747720031947,170.83815,170.24251,-0.34671864,kwh_sim_00601020160000
00600910010000,67.71408745548227,64.10008,63.948647,-0.19621737,kwh_sim_00601020160000
00600940090000,22.913726924922003,24.102163,24.104698,0.009461726,kwh_sim_00601020160000
00600960230000,4.198491436248515,4.238829,4.263143,0.44490686,kwh_sim_00601020160000
00600970130000,525.695928146551,524.0879,522.6558,-0.30576244,kwh_sim_00601020160000
00600970150000,295.04101475953183,293.2457,292.12952,-0.3628489,kwh_sim_00601020160000
00601010030000,19.594001878203052,20.908684,20.847673,-0.31217924,kwh_sim_00601020160000
00601010110000,7.711024463558808,6.543597,6.520444,-0.40362445,kwh_sim_00601020160000
00601010140000,8.45513261734566,9.025914,9.052007,0.23595808,kwh_sim_00601020160000
00601010150000,15.638227409850328,16.273754,16.308214,0.19533598,kwh_sim_00601020160000
00601010190000,16.198765169515276,16.924044,16.940496,0.13871019,kwh_sim_00601020160000
00601010210000,32.28397247031495,33.388943,33.4016,0.025706962,kwh_sim_00601020160000
00601020070000,195.11662383393926,210.00838,208.89513,-0.55565274,kwh_sim_00601020160000
00601020160000,61.883938385999244,62.314438,62.303036,-0.063688755,kwh_sim_00601020160000
00601020190000,277.72005696436423,326.6188,326.5613,-0.080886014,kwh_sim_00601020160000
00601020200000,345.0444469879835,361.93796,360.94608,-0.26419768,kwh_sim_00601020160000
00601030100000,14.936326413446075,14.334919,14.403062,0.48630485,kwh_sim_00601020160000
00601030110000,60.98179786316641,61.09302,61.06367,0.07254778,kwh_sim_00601020160000
00601040010000,77.09698707432975,73.21601,73.22029,0.10261885,kwh_sim_00601020160000
00601060050000,257.9231053743607,276.89453,275.91486,-0.36240637,kwh_sim_00601020160000
00601060060000,111.92244334950115,125.39962,125.39537,0.16496655,kwh_sim_00601020160000
00601450250000,678.1282236881746,699.5496,698.2721,-0.21368973,kwh_sim_00601020160000
00601510200000,541.0706825849664,558.84485,557.9971,-0.15360735,kwh_sim_00601020160000
00601530150000,737.9512946789081,753.23285,752.87006,-0.055953816,kwh_sim_00601020160000
00601550120000,104.90274506064998,107.956696,107.75033,-0.15082796,kwh_sim_00601020160000
00603700370000,246.9209256661244,249.67677,249.10051,-0.17742644,kwh_sim_00601020160000
00600340190000,38.04313481312532,40.06596,40.015106,-0.071286105,kwh_sim_00601020190000
00600470060000,11.702018681163098,11.081017,10.928118,-1.3341129,kwh_sim_00601020190000
00600470080000,11.401913332606192,10.5140295,10.426335,-0.78119,kwh_sim_00601020190000
00600470120000,167.41747720031947,170.83815,172.1893,0.83719856,kwh_sim_00601020190000
00600910010000,67.71408745548227,64.10008,64.14594,0.24004541,kwh_sim_00601020190000
00600940090000,22.913726924922003,24.102163,24.24845,0.6080921,kwh_sim_00601020190000
00600960230000,4.198491436248515,4.238829,4.1498113,-1.7892866,kwh_sim_00601020190000
00600970130000,525.695928146551,524.0879,526.4454,0.5324217,kwh_sim_00601020190000
00600970150000,295.04101475953183,293.2457,294.6039,0.4314897,kwh_sim_00601020190000
00601010030000,19.594001878203052,20.908684,20.812487,-0.28134564,kwh_sim_00601020190000
00601010110000,7.711024463558808,6.543597,6.4777303,-0.91327274,kwh_sim_00601020190000
00601010140000,8.45513261734566,9.025914,8.863914,-1.674303,kwh_sim_00601020190000
00601010150000,15.638227409850328,16.273754,16.393784,0.5367832,kwh_sim_00601020190000
00601010190000,16.198765169515276,16.924044,16.93144,-0.26399517,kwh_sim_00601020190000
00601010210000,32.28397247031495,33.388943,33.352818,-0.026584573,kwh_sim_00601020190000
00601020070000,195.11662383393926,210.00838,211.79071,0.71638596,kwh_sim_00601020190000
00601020160000,61.883938385999244,62.314438,62.196766,-0.057695933,kwh_sim_00601020190000
00601020190000,277.72005696436423,326.6188,328.8485,1.016196,kwh_sim_00601020190000
00601020200000,345.0444469879835,361.93796,364.04086,0.6411758,kwh_sim_00601020190000
00601030100000,14.936326413446075,14.334919,13.876441,-3.189811,kwh_sim_00601020190000
00601030110000,60.98179786316641,61.09302,61.255966,0.17297485,kwh_sim_00601020190000
00601040010000,77.09698707432975,73.21601,73.292625,-0.0074472446,kwh_sim_00601020190000
00601060050000,257.9231053743607,276.89453,279.0997,0.7454919,kwh_sim_00601020190000
00601060060000,111.92244334950115,125.39962,125.874084,0.2966115,kwh_sim_00601020190000
00601450250000,678.1282236881746,699.5496,700.57544,0.19492166,kwh_sim_00601020190000
00601510200000,541.0706825849664,558.84485,560.1534,0.30330393,kwh_sim_00601020190000
00601530150000,737.9512946789081,753.23285,753.91595,0.12027408,kwh_sim_00601020190000
00601550120000,104.90274506064998,107.956696,108.94427,0.8897007,kwh_sim_00601020190000
00603700370000,246.9209256661244,249.67677,249.79942,0.010769067,kwh_sim_00601020190000
00600340190000,38.04313481312532,40.06596,39.744072,-0.8003693,kwh_sim_00601020200000
00600470060000,11.702018681163098,11.081017,10.9037285,-1.3525343,kwh_sim_00601020200000
00600470080000,11.401913332606192,10.5140295,10.382085,-1.1136516,kwh_sim_00601020200000
00600470120000,167.41747720031947,170.83815,169.10757,-1.1680208,kwh_sim_00601020200000
00600910010000,67.71408745548227,64.10008,63.56352,-1.1192939,kwh_sim_00601020200000
00600940090000,22.913726924922003,24.102163,24.038895,-0.260776,kwh_sim_00601020200000
00600960230000,4.198491436248515,4.238829,4.31791,1.7423543,kwh_sim_00601020200000
00600970130000,525.695928146551,524.0879,525.9439,0.19267963,kwh_sim_00601020200000
00600970150000,295.04101475953183,293.2457,292.08664,-0.4311993,kwh_sim_00601020200000
00601010030000,19.594001878203052,20.908684,20.33345,-2.703602,kwh_sim_00601020200000
00601010110000,7.711024463558808,6.543597,6.6111207,0.95513296,kwh_sim_00601020200000
00601010140000,8.45513261734566,9.025914,9.109238,1.0224336,kwh_sim_00601020200000
00601010150000,15.638227409850328,16.273754,16.1696,-1.0567662,kwh_sim_00601020200000
00601010190000,16.198765169515276,16.924044,16.707617,-1.5390909,kwh_sim_00601020200000
00601010210000,32.28397247031495,33.388943,32.981976,-1.3695495,kwh_sim_00601020200000
00601020070000,195.11662383393926,210.00838,208.19627,-1.3400811,kwh_sim_00601020200000
00601020160000,61.883938385999244,62.314438,61.046135,-2.0127578,kwh_sim_00601020200000
00601020190000,277.72005696436423,326.6188,328.32364,0.29448634,kwh_sim_00601020200000
00601020200000,345.0444469879835,361.93796,361.7064,-0.124308445,kwh_sim_00601020200000
00601030100000,14.936326413446075,14.334919,14.150232,-1.0895706,kwh_sim_00601020200000
00601030110000,60.98179786316641,61.09302,60.617805,-0.9029377,kwh_sim_00601020200000
00601040010000,77.09698707432975,73.21601,72.486305,-0.97292763,kwh_sim_00601020200000
00601060050000,257.9231053743607,276.89453,277.1143,-0.07624078,kwh_sim_00601020200000
00601060060000,111.92244334950115,125.39962,124.6005,-0.8860609,kwh_sim_00601020200000
00601450250000,678.1282236881746,699.5496,700.79504,0.14268379,kwh_sim_00601020200000
00601510200000,541.0706825849664,558.84485,559.8108,0.061759107,kwh_sim_00601020200000
00601530150000,737.9512946789081,753.23285,754.6983,0.18140519,kwh_sim_00601020200000
00601550120000,104.90274506064998,107.956696,107.055084,-1.0350434,kwh_sim_00601020200000
00603700370000,246.9209256661244,249.67677,248.73087,-0.44035697,kwh_sim_00601020200000
00600340190000,38.04313481312532,40.06596,40.090492,-0.009150725,kwh_sim_00601030100000
00600470060000,11.702018681163098,11.081017,11.068401,-0.15183635,kwh_sim_00601030100000
00600470080000,11.401913332606192,10.5140295,10.519246,-0.02979582,kwh_sim_00601030100000
00600470120000,167.41747720031947,170.83815,170.91019,-0.072708406,kwh_sim_00601030100000
00600910010000,67.71408745548227,64.10008,64.00479,-0.17334464,kwh_sim_00601030100000
00600940090000,22.913726924922003,24.102163,24.050894,-0.2077082,kwh_sim_00601030100000
00600960230000,4.198491436248515,4.238829,4.193388,-0.802911,kwh_sim_00601030100000
00600970130000,525.695928146551,524.0879,525.02423,0.080656834,kwh_sim_00601030100000
00600970150000,295.04101475953183,293.2457,293.7839,0.099019185,kwh_sim_00601030100000
00601010030000,19.594001878203052,20.908684,20.73817,-0.88469267,kwh_sim_00601030100000
00601010110000,7.711024463558808,6.543597,6.427458,-1.713143,kwh_sim_00601030100000
00601010140000,8.45513261734566,9.025914,8.942463,-0.9153397,kwh_sim_00601030100000
00601010150000,15.638227409850328,16.273754,16.117813,-1.0753167,kwh_sim_00601030100000
00601010190000,16.198765169515276,16.924044,16.924665,-0.2397344,kwh_sim_00601030100000
00601010210000,32.28397247031495,33.388943,33.24802,-0.40040314,kwh_sim_00601030100000
00601020070000,195.11662383393926,210.00838,210.57993,0.08392707,kwh_sim_00601030100000
00601020160000,61.883938385999244,62.314438,62.84239,0.478967,kwh_sim_00601030100000
00601020190000,277.72005696436423,326.6188,329.02118,0.34385023,kwh_sim_00601030100000
00601020200000,345.0444469879835,361.93796,363.00485,0.24646781,kwh_sim_00601030100000
00601030100000,14.936326413446075,14.334919,14.447289,0.6704113,kwh_sim_00601030100000
00601030110000,60.98179786316641,61.09302,61.288635,0.20398079,kwh_sim_00601030100000
00601040010000,77.09698707432975,73.21601,73.51454,0.29492947,kwh_sim_00601030100000
00601060050000,257.9231053743607,276.89453,278.28995,0.3447396,kwh_sim_00601030100000
00601060060000,111.92244334950115,125.39962,126.12498,0.34921977,kwh_sim_00601030100000
00601450250000,678.1282236881746,699.5496,700.9476,0.18170959,kwh_sim_00601030100000
00601510200000,541.0706825849664,558.84485,560.0364,0.11368224,kwh_sim_00601030100000
00601530150000,737.9512946789081,753.23285,755.3278,0.24699461,kwh_sim_00601030100000
00601550120000,104.90274506064998,107.956696,108.09342,0.039509565,kwh_sim_00601030100000
00603700370000,246.9209256661244,249.67677,250.2498,0.16831012,kwh_sim_00601030100000
00600340190000,38.04313481312532,40.06596,40.128674,0.15083079,kwh_sim_00601030110000
00600470060000,11.702018681163098,11.081017,10.998036,-0.719085,kwh_sim_00601030110000
00600470080000,11.401913332606192,10.5140295,10.531979,0.14187795,kwh_sim_00601030110000
00600470120000,167.41747720031947,170.83815,170.37144,-0.30285618,kwh_sim_00601030110000
00600910010000,67.71408745548227,64.10008,63.434227,-0.9343178,kwh_sim_00601030110000
00600940090000,22.913726924922003,24.102163,24.091402,-0.044584423,kwh_sim_00601030110000
00600960230000,4.198491436248515,4.238829,4.088482,-2.5181963,kwh_sim_00601030110000
00600970130000,525.695928146551,524.0879,521.29395,-0.55801314,kwh_sim_00601030110000
00600970150000,295.04101475953183,293.2457,292.3722,-0.30081958,kwh_sim_00601030110000
00601010030000,19.594001878203052,20.908684,20.781212,-0.5791498,kwh_sim_00601030110000
00601010110000,7.711024463558808,6.543597,6.3674936,-2.1486762,kwh_sim_00601030110000
00601010140000,8.45513261734566,9.025914,9.013598,-0.12272341,kwh_sim_00601030110000
00601010150000,15.638227409850328,16.273754,16.181906,-0.6049746,kwh_sim_00601030110000
00601010190000,16.198765169515276,16.924044,16.798048,-0.7136471,kwh_sim_00601030110000
00601010210000,32.28397247031495,33.388943,33.024235,-0.86997664,kwh_sim_00601030110000
00601020070000,195.11662383393926,210.00838,209.259,-0.30543444,kwh_sim_00601030110000
00601020160000,61.883938385999244,62.314438,62.117035,-0.34177542,kwh_sim_00601030110000
00601020190000,277.72005696436423,326.6188,325.1498,-0.50755084,kwh_sim_00601030110000
00601020200000,345.0444469879835,361.93796,361.04535,-0.25950024,kwh_sim_00601030110000
00601030100000,14.936326413446075,14.334919,14.3308525,0.010809547,kwh_sim_00601030110000
00601030110000,60.98179786316641,61.09302,60.63285,-0.7429431,kwh_sim_00601030110000
00601040010000,77.09698707432975,73.21601,72.87631,-0.44607586,kwh_sim_00601030110000
00601060050000,257.9231053743607,276.89453,275.80667,-0.43489724,kwh_sim_00601030110000
00601060060000,111.92244334950115,125.39962,124.85064,-0.51585746,kwh_sim_00601030110000
00601450250000,678.1282236881746,699.5496,697.5509,-0.31249598,kwh_sim_00601030110000
00601510200000,541.0706825849664,558.84485,555.6706,-0.59921986,kwh_sim_00601030110000
00601530150000,737.9512946789081,753.23285,751.92267,-0.17421524,kwh_sim_00601030110000
00601550120000,104.90274506064998,107.956696,107.116066,-0.75183606,kwh_sim_00601030110000
00603700370000,246.9209256661244,249.67677,249.20613,-0.1974918,kwh_sim_00601030110000
00600340190000,38.04313481312532,40.06596,39.92307,-0.33496407,kwh_sim_00601040010000
00600470060000,11.702018681163098,11.081017,10.9859495,-0.78804344,kwh_sim_00601040010000
00600470080000,11.401913332606192,10.5140295,10.506151,-0.09156558,kwh_sim_00601040010000
00600470120000,167.41747720031947,170.83815,168.49095,-1.325536,kwh_sim_00601040010000
00600910010000,67.71408745548227,64.10008,62.45122,-2.4599166,kwh_sim_00601040010000
00600940090000,22.913726924922003,24.102163,24.03011,-0.3008735,kwh_sim_00601040010000
00600960230000,4.198491436248515,4.238829,4.1033545,-2.6631746,kwh_sim_00601040010000
00600970130000,525.695928146551,524.0879,513.2324,-2.0416996,kwh_sim_00601040010000
00600970150000,295.04101475953183,293.2457,290.78085,-0.877408,kwh_sim_00601040010000
00601010030000,19.594001878203052,20.908684,20.421015,-2.130651,kwh_sim_00601040010000
00601010110000,7.711024463558808,6.543597,6.248141,-4.0292416,kwh_sim_00601040010000
00601010140000,8.45513261734566,9.025914,8.810563,-2.295185,kwh_sim_00601040010000
00601010150000,15.638227409850328,16.273754,15.697146,-2.5846393,kwh_sim_00601040010000
00601010190000,16.198765169515276,16.924044,16.604866,-1.6018368,kwh_sim_00601040010000
00601010210000,32.28397247031495,33.388943,32.62929,-1.8194647,kwh_sim_00601040010000
00601020070000,195.11662383393926,210.00838,203.50041,-2.938808,kwh_sim_00601040010000
00601020160000,61.883938385999244,62.314438,61.44212,-1.1533251,kwh_sim_00601040010000
00601020190000,277.72005696436423,326.6188,318.96054,-2.313326,kwh_sim_00601040010000
00601020200000,345.0444469879835,361.93796,357.44522,-1.2147305,kwh_sim_00601040010000
00601030100000,14.936326413446075,14.334919,14.26768,-0.5590631,kwh_sim_00601040010000
00601030110000,60.98179786316641,61.09302,59.722748,-1.8496044,kwh_sim_00601040010000
00601040010000,77.09698707432975,73.21601,72.40556,-0.9335022,kwh_sim_00601040010000
00601060050000,257.9231053743607,276.89453,271.10846,-2.0078897,kwh_sim_00601040010000
00601060060000,111.92244334950115,125.39962,121.726944,-2.41963,kwh_sim_00601040010000
00601450250000,678.1282236881746,699.5496,689.88007,-1.4158936,kwh_sim_00601040010000
00601510200000,541.0706825849664,558.84485,550.80383,-1.4571215,kwh_sim_00601040010000
00601530150000,737.9512946789081,753.23285,747.8155,-0.6990179,kwh_sim_00601040010000
00601550120000,104.90274506064998,107.956696,106.118286,-1.5804969,kwh_sim_00601040010000
00603700370000,246.9209256661244,249.67677,247.40762,-0.8385815,kwh_sim_00601040010000
00600340190000,38.04313481312532,40.06596,40.16424,0.23930822,kwh_sim_00601060050000
00600470060000,11.702018681163098,11.081017,11.164922,0.81870043,kwh_sim_00601060050000
00600470080000,11.401913332606192,10.5140295,10.598199,0.7381555,kwh_sim_00601060050000
00600470120000,167.41747720031947,170.83815,170.7511,-0.034581788,kwh_sim_00601060050000
00600910010000,67.71408745548227,64.10008,63.976925,-0.09006853,kwh_sim_00601060050000
00600940090000,22.913726924922003,24.102163,24.079674,-0.09261052,kwh_sim_00601060050000
00600960230000,4.198491436248515,4.238829,4.196,-0.7006298,kwh_sim_00601060050000
00600970130000,525.695928146551,524.0879,522.23706,-0.33596063,kwh_sim_00601060050000
00600970150000,295.04101475953183,293.2457,294.00772,0.22521944,kwh_sim_00601060050000
00601010030000,19.594001878203052,20.908684,20.816856,-0.40265787,kwh_sim_00601060050000
00601010110000,7.711024463558808,6.543597,6.4836006,-0.66701686,kwh_sim_00601060050000
00601010140000,8.45513261734566,9.025914,9.013195,-0.04308086,kwh_sim_00601060050000
00601010150000,15.638227409850328,16.273754,16.094542,-0.8052244,kwh_sim_00601060050000
00601010190000,16.198765169515276,16.924044,16.719896,-1.0025308,kwh_sim_00601060050000
00601010210000,32.28397247031495,33.388943,33.217766,-0.34935582,kwh_sim_00601060050000
00601020070000,195.11662383393926,210.00838,208.80098,-0.51147276,kwh_sim_00601060050000
00601020160000,61.883938385999244,62.314438,62.521854,0.2927709,kwh_sim_00601060050000
00601020190000,277.72005696436423,326.6188,325.51132,-0.38147572,kwh_sim_00601060050000
00601020200000,345.0444469879835,361.93796,361.7044,-0.018108943,kwh_sim_00601060050000
00601030100000,14.936326413446075,14.334919,14.466323,1.0291314,kwh_sim_00601060050000
00601030110000,60.98179786316641,61.09302,60.813885,-0.4322127,kwh_sim_00601060050000
00601040010000,77.09698707432975,73.21601,73.40247,0.3171855,kwh_sim_00601060050000
00601060050000,257.9231053743607,276.89453,276.15442,-0.23391274,kwh_sim_00601060050000
00601060060000,111.92244334950115,125.39962,124.53252,-0.63984746,kwh_sim_00601060050000
00601450250000,678.1282236881746,699.5496,697.4433,-0.30955538,kwh_sim_00601060050000
00601510200000,541.0706825849664,558.84485,557.6804,-0.19579452,kwh_sim_00601060050000
00601530150000,737.9512946789081,753.23285,753.1376,-0.015219327,kwh_sim_00601060050000
00601550120000,104.90274506064998,107.956696,108.07253,0.18179384,kwh_sim_00601060050000
00603700370000,246.9209256661244,249.67677,249.44554,-0.08763018,kwh_sim_00601060050000
00600340190000,38.04313481312532,40.06596,40.261044,0.47843245,kwh_sim_00601060060000
00600470060000,11.702018681163098,11.081017,11.164529,0.8211263,kwh_sim_00601060060000
00600470080000,11.401913332606192,10.5140295,10.637412,1.1255628,kwh_sim_00601060060000
00600470120000,167.41747720031947,170.83815,172.14345,0.8042833,kwh_sim_00601060060000
00600910010000,67.71408745548227,64.10008,64.5744,0.7461496,kwh_sim_00601060060000
00600940090000,22.913726924922003,24.102163,24.229269,0.5249902,kwh_sim_00601060060000
00600960230000,4.198491436248515,4.238829,4.2781954,0.97457844,kwh_sim_00601060060000
00600970130000,525.695928146551,524.0879,526.4595,0.5030092,kwh_sim_00601060060000
00600970150000,295.04101475953183,293.2457,295.22214,0.6558663,kwh_sim_00601060060000
00601010030000,19.594001878203052,20.908684,21.095383,1.0090457,kwh_sim_00601060060000
00601010110000,7.711024463558808,6.543597,6.637647,1.6214948,kwh_sim_00601060060000
00601010140000,8.45513261734566,9.025914,9.077283,0.6149464,kwh_sim_00601060060000
00601010150000,15.638227409850328,16.273754,16.363705,0.66434425,kwh_sim_00601060060000
00601010190000,16.198765169515276,16.924044,17.02823,0.69007444,kwh_sim_00601060060000
00601010210000,32.28397247031495,33.388943,33.58678,0.58004797,kwh_sim_00601060060000
00601020070000,195.11662383393926,210.00838,212.32716,1.0683111,kwh_sim_00601060060000
00601020160000,61.883938385999244,62.314438,62.395702,0.11424367,kwh_sim_00601060060000
00601020190000,277.72005696436423,326.6188,329.89728,1.129646,kwh_sim_00601060060000
00601020200000,345.0444469879835,361.93796,364.1527,0.6455938,kwh_sim_00601060060000
00601030100000,14.936326413446075,14.334919,14.478208,1.1066121,kwh_sim_00601060060000
00601030110000,60.98179786316641,61.09302,61.891098,1.2437282,kwh_sim_00601060060000
00601040010000,77.09698707432975,73.21601,74.05128,1.1466792,kwh_sim_00601060060000
00601060050000,257.9231053743607,276.89453,279.05515,0.84922934,kwh_sim_00601060060000
00601060060000,111.92244334950115,125.39962,126.14653,0.5372021,kwh_sim_00601060060000
00601450250000,678.1282236881746,699.5496,702.8385,0.49404037,kwh_sim_00601060060000
00601510200000,541.0706825849664,558.84485,561.2077,0.4590989,kwh_sim_00601060060000
00601530150000,737.9512946789081,753.23285,754.53625,0.18082991,kwh_sim_00601060060000
00601550120000,104.90274506064998,107.956696,109.29194,1.2394004,kwh_sim_00601060060000
00603700370000,246.9209256661244,249.67677,250.97917,0.55572605,kwh_sim_00601060060000
00600340190000,38.04313481312532,40.06596,39.76563,-0.6898,kwh_sim_00601450250000
00600470060000,11.702018681163098,11.081017,10.982929,-0.68568605,kwh_sim_00601450250000
00600470080000,11.401913332606192,10.5140295,10.499937,-0.023334373,kwh_sim_00601450250000
00600470120000,167.41747720031947,170.83815,169.25764,-0.8571997,kwh_sim_00601450250000
00600910010000,67.71408745548227,64.10008,63.57094,-0.5161718,kwh_sim_00601450250000
00600940090000,22.913726924922003,24.102163,24.143227,0.17333847,kwh_sim_00601450250000
00600960230000,4.198491436248515,4.238829,4.2175584,-0.63956654,kwh_sim_00601450250000
00600970130000,525.695928146551,524.0879,517.7408,-1.1849825,kwh_sim_00601450250000
00600970150000,295.04101475953183,293.2457,290.64603,-0.84332705,kwh_sim_00601450250000
00601010030000,19.594001878203052,20.908684,20.87303,-0.043217067,kwh_sim_00601450250000
00601010110000,7.711024463558808,6.543597,6.3438845,-2.564112,kwh_sim_00601450250000
00601010140000,8.45513261734566,9.025914,8.962839,-0.76754546,kwh_sim_00601450250000
00601010150000,15.638227409850328,16.273754,16.213808,-0.15270284,kwh_sim_00601450250000
00601010190000,16.198765169515276,16.924044,16.875166,-0.010851151,kwh_sim_00601450250000
00601010210000,32.28397247031495,33.388943,33.221954,-0.32401675,kwh_sim_00601450250000
00601020070000,195.11662383393926,210.00838,207.36868,-1.0892552,kwh_sim_00601450250000
00601020160000,61.883938385999244,62.314438,62.02081,-0.18292081,kwh_sim_00601450250000
00601020190000,277.72005696436423,326.6188,320.76108,-1.7931911,kwh_sim_00601450250000
00601020200000,345.0444469879835,361.93796,358.38165,-1.0025907,kwh_sim_00601450250000
00601030100000,14.936326413446075,14.334919,14.246218,-0.36590004,kwh_sim_00601450250000
00601030110000,60.98179786316641,61.09302,60.279465,-1.0706915,kwh_sim_00601450250000
00601040010000,77.09698707432975,73.21601,72.31133,-1.0633315,kwh_sim_00601450250000
00601060050000,257.9231053743607,276.89453,272.3478,-1.4968505,kwh_sim_00601450250000
00601060060000,111.92244334950115,125.39962,122.4214,-2.0009663,kwh_sim_00601450250000
00601450250000,678.1282236881746,699.5496,692.6496,-0.9939332,kwh_sim_00601450250000
00601510200000,541.0706825849664,558.84485,551.8048,-1.2243472,kwh_sim_00601450250000
00601530150000,737.9512946789081,753.23285,749.23254,-0.518932,kwh_sim_00601450250000
00601550120000,104.90274506064998,107.956696,106.91118,-0.95857924,kwh_sim_00601450250000
00603700370000,246.9209256661244,249.67677,247.08636,-0.8949479,kwh_sim_00601450250000
00600340190000,38.04313481312532,40.06596,40.11828,0.1520215,kwh_sim_00601510200000
00600470060000,11.702018681163098,11.081017,11.230672,1.4097047,kwh_sim_00601510200000
00600470080000,11.401913332606192,10.5140295,10.573915,0.5574296,kwh_sim_00601510200000
00600470120000,167.41747720031947,170.83815,172.14258,0.72577614,kwh_sim_00601510200000
00600910010000,67.71408745548227,64.10008,64.13217,-0.10735052,kwh_sim_00601510200000
00600940090000,22.913726924922003,24.102163,24.12056,0.07741236,kwh_sim_00601510200000
00600960230000,4.198491436248515,4.238829,4.2619276,0.56592506,kwh_sim_00601510200000
00600970130000,525.695928146551,524.0879,528.56226,0.7937311,kwh_sim_00601510200000
00600970150000,295.04101475953183,293.2457,295.7107,0.8569239,kwh_sim_00601510200000
00601010030000,19.594001878203052,20.908684,21.0943,0.9105503,kwh_sim_00601510200000
00601010110000,7.711024463558808,6.543597,6.5025535,-0.51856476,kwh_sim_00601510200000
00601010140000,8.45513261734566,9.025914,9.077025,0.52329195,kwh_sim_00601510200000
00601010150000,15.638227409850328,16.273754,16.409985,0.6754055,kwh_sim_00601510200000
00601010190000,16.198765169515276,16.924044,16.908815,-0.0860551,kwh_sim_00601510200000
00601010210000,32.28397247031495,33.388943,33.630272,0.7625073,kwh_sim_00601510200000
00601020070000,195.11662383393926,210.00838,211.81198,0.85720897,kwh_sim_00601510200000
00601020160000,61.883938385999244,62.314438,62.69761,0.57990974,kwh_sim_00601510200000
00601020190000,277.72005696436423,326.6188,329.80536,0.8903741,kwh_sim_00601510200000
00601020200000,345.0444469879835,361.93796,364.0865,0.5752336,kwh_sim_00601510200000
00601030100000,14.936326413446075,14.334919,14.452842,0.8014832,kwh_sim_00601510200000
00601030110000,60.98179786316641,61.09302,61.295925,0.4004094,kwh_sim_00601510200000
00601040010000,77.09698707432975,73.21601,73.55861,0.44702953,kwh_sim_00601510200000
00601060050000,257.9231053743607,276.89453,279.55475,0.88158435,kwh_sim_00601510200000
00601060060000,111.92244334950115,125.39962,126.9342,1.188196,kwh_sim_00601510200000
00601450250000,678.1282236881746,699.5496,703.12225,0.48284563,kwh_sim_00601510200000
00601510200000,541.0706825849664,558.84485,562.7162,0.63847077,kwh_sim_00601510200000
00601530150000,737.9512946789081,753.23285,755.73145,0.31339726,kwh_sim_00601510200000
00601550120000,104.90274506064998,107.956696,108.32708,0.37947348,kwh_sim_00601510200000
00603700370000,246.9209256661244,249.67677,251.21703,0.586166,kwh_sim_00601510200000
00600340190000,38.04313481312532,40.06596,39.683548,-0.9270106,kwh_sim_00601530150000
00600470060000,11.702018681163098,11.081017,10.991358,-0.5839389,kwh_sim_00601530150000
00600470080000,11.401913332606192,10.5140295,10.388945,-1.1139526,kwh_sim_00601530150000
00600470120000,167.41747720031947,170.83815,169.7239,-0.50445527,kwh_sim_00601530150000
00600910010000,67.71408745548227,64.10008,64.4318,0.7857854,kwh_sim_00601530150000
00600940090000,22.913726924922003,24.102163,24.094326,-0.033417992,kwh_sim_00601530150000
00600960230000,4.198491436248515,4.238829,4.4221716,3.6898637,kwh_sim_00601530150000
00600970130000,525.695928146551,524.0879,521.61615,-0.24468872,kwh_sim_00601530150000
00600970150000,295.04101475953183,293.2457,289.26498,-1.2317631,kwh_sim_00601530150000
00601010030000,19.594001878203052,20.908684,20.789661,-0.63137317,kwh_sim_00601530150000
00601010110000,7.711024463558808,6.543597,6.5813885,0.3403827,kwh_sim_00601530150000
00601010140000,8.45513261734566,9.025914,9.097134,0.8606672,kwh_sim_00601530150000
00601010150000,15.638227409850328,16.273754,16.220951,-0.8148385,kwh_sim_00601530150000
00601010190000,16.198765169515276,16.924044,16.811396,-0.5037529,kwh_sim_00601530150000
00601010210000,32.28397247031495,33.388943,33.143288,-0.8342301,kwh_sim_00601530150000
00601020070000,195.11662383393926,210.00838,210.45813,0.28698933,kwh_sim_00601530150000
00601020160000,61.883938385999244,62.314438,62.02577,-0.19510186,kwh_sim_00601530150000
00601020190000,277.72005696436423,326.6188,322.32257,-0.89982766,kwh_sim_00601530150000
00601020200000,345.0444469879835,361.93796,360.4507,-0.38762343,kwh_sim_00601530150000
00601030100000,14.936326413446075,14.334919,14.140856,-1.0612521,kwh_sim_00601530150000
00601030110000,60.98179786316641,61.09302,61.371925,0.4944771,kwh_sim_00601530150000
00601040010000,77.09698707432975,73.21601,72.881874,-0.37878147,kwh_sim_00601530150000
00601060050000,257.9231053743607,276.89453,273.3825,-0.9727584,kwh_sim_00601530150000
00601060060000,111.92244334950115,125.39962,124.345474,-0.5934252,kwh_sim_00601530150000
00601450250000,678.1282236881746,699.5496,697.44037,-0.114824586,kwh_sim_00601530150000
00601510200000,541.0706825849664,558.84485,555.4875,-0.45811683,kwh_sim_00601530150000
00601530150000,737.9512946789081,753.23285,750.7016,-0.3099674,kwh_sim_00601530150000
00601550120000,104.90274506064998,107.956696,108.325584,0.2719299,kwh_sim_00601530150000
00603700370000,246.9209256661244,249.67677,249.68733,0.13610837,kwh_sim_00601530150000
00600340190000,38.04313481312532,40.06596,40.09695,0.009350414,kwh_sim_00601550120000
00600470060000,11.702018681163098,11.081017,11.080696,-0.004925384,kwh_sim_00601550120000
00600470080000,11.401913332606192,10.5140295,10.465987,-0.42504865,kwh_sim_00601550120000
00600470120000,167.41747720031947,170.83815,171.65733,0.32450765,kwh_sim_00601550120000
00600910010000,67.71408745548227,64.10008,66.92798,5.688937,kwh_sim_00601550120000
00600940090000,22.913726924922003,24.102163,24.216728,0.48530912,kwh_sim_00601550120000
00600960230000,4.198491436248515,4.238829,4.4205093,3.6623695,kwh_sim_00601550120000
00600970130000,525.695928146551,524.0879,537.88025,3.2041328,kwh_sim_00601550120000
00600970150000,295.04101475953183,293.2457,291.101,-0.68649584,kwh_sim_00601550120000
00601010030000,19.594001878203052,20.908684,21.76414,3.8519738,kwh_sim_00601550120000
00601010110000,7.711024463558808,6.543597,6.70411,2.2044466,kwh_sim_00601550120000
00601010140000,8.45513261734566,9.025914,9.338149,3.5997264,kwh_sim_00601550120000
00601010150000,15.638227409850328,16.273754,17.187258,4.5192304,kwh_sim_00601550120000
00601010190000,16.198765169515276,16.924044,17.80358,5.1379495,kwh_sim_00601550120000
00601010210000,32.28397247031495,33.388943,34.21363,2.078148,kwh_sim_00601550120000
00601020070000,195.11662383393926,210.00838,217.02702,3.7473314,kwh_sim_00601550120000
00601020160000,61.883938385999244,62.314438,63.112267,1.280808,kwh_sim_00601550120000
00601020190000,277.72005696436423,326.6188,335.56256,3.171004,kwh_sim_00601550120000
00601020200000,345.0444469879835,361.93796,365.9524,1.1554703,kwh_sim_00601550120000
00601030100000,14.936326413446075,14.334919,14.30321,0.27254128,kwh_sim_00601550120000
00601030110000,60.98179786316641,61.09302,62.69057,2.3428948,kwh_sim_00601550120000
00601040010000,77.09698707432975,73.21601,73.432274,0.32215515,kwh_sim_00601550120000
00601060050000,257.9231053743607,276.89453,281.15295,1.4446621,kwh_sim_00601550120000
00601060060000,111.92244334950115,125.39962,128.64827,2.2451153,kwh_sim_00601550120000
00601450250000,678.1282236881746,699.5496,716.36414,3.4185708,kwh_sim_00601550120000
00601510200000,541.0706825849664,558.84485,565.5799,1.272989,kwh_sim_00601550120000
00601530150000,737.9512946789081,753.23285,757.4427,0.54152983,kwh_sim_00601550120000
00601550120000,104.90274506064998,107.956696,109.29447,1.1682899,kwh_sim_00601550120000
00603700370000,246.9209256661244,249.67677,255.42235,2.5089343,kwh_sim_00601550120000
00600340190000,38.04313481312532,40.06596,39.59143,-1.1248662,kwh_sim_00603700370000
00600470060000,11.702018681163098,11.081017,10.965217,-0.9743112,kwh_sim_00603700370000
00600470080000,11.401913332606192,10.5140295,10.503715,0.014384835,kwh_sim_00603700370000
00600470120000,167.41747720031947,170.83815,167.5773,-1.7920214,kwh_sim_00603700370000
00600910010000,67.71408745548227,64.10008,62.592236,-1.5063956,kwh_sim_00603700370000
00600940090000,22.913726924922003,24.102163,24.137913,0.14933866,kwh_sim_00603700370000
00600960230000,4.198491436248515,4.238829,3.9530213,-5.4688935,kwh_sim_00603700370000
00600970130000,525.695928146551,524.0879,508.97556,-2.724137,kwh_sim_00603700370000
00600970150000,295.04101475953183,293.2457,288.73462,-1.4517906,kwh_sim_00603700370000
00601010030000,19.594001878203052,20.908684,20.504757,-1.6341516,kwh_sim_00603700370000
00601010110000,7.711024463558808,6.543597,6.066041,-6.5624795,kwh_sim_00603700370000
00601010140000,8.45513261734566,9.025914,8.610437,-4.2526784,kwh_sim_00603700370000
00601010150000,15.638227409850328,16.273754,15.698987,-3.309271,kwh_sim_00603700370000
00601010190000,16.198765169515276,16.924044,16.426294,-2.7250566,kwh_sim_00603700370000
00601010210000,32.28397247031495,33.388943,32.33072,-2.41434,kwh_sim_00603700370000
00601020070000,195.11662383393926,210.00838,202.08788,-3.3668435,kwh_sim_00603700370000
00601020160000,61.883938385999244,62.314438,61.80063,-0.46231556,kwh_sim_00603700370000
00601020190000,277.72005696436423,326.6188,312.5777,-4.097595,kwh_sim_00603700370000
00601020200000,345.0444469879835,361.93796,355.5663,-1.7235483,kwh_sim_00603700370000
00601030100000,14.936326413446075,14.334919,14.105599,-1.6294931,kwh_sim_00603700370000
00601030110000,60.98179786316641,61.09302,58.923782,-3.2527647,kwh_sim_00603700370000
00601040010000,77.09698707432975,73.21601,71.59415,-2.0403275,kwh_sim_00603700370000
00601060050000,257.9231053743607,276.89453,266.7403,-3.4160204,kwh_sim_00603700370000
00601060060000,111.92244334950115,125.39962,120.88358,-3.2508442,kwh_sim_00603700370000
00601450250000,678.1282236881746,699.5496,681.99414,-2.500423,kwh_sim_00603700370000
00601510200000,541.0706825849664,558.84485,545.66254,-2.2534633,kwh_sim_00603700370000
00601530150000,737.9512946789081,753.23285,742.7127,-1.3397967,kwh_sim_00603700370000
00601550120000,104.90274506064998,107.956696,105.90967,-1.7667181,kwh_sim_00603700370000
00603700370000,246.9209256661244,249.67677,245.82158,-1.5999452,kwh_sim_00603700370000
